Type,Start,End,Name,Calendar,Location,Description,"Hebrew Date",Owner,Contact,Status,"Admin Note","Event ID","Additional Occurrence of Event ID","Resource Of","Resource Quantity","Resource Of Event ID","Resource Of Schedule ID"
"Schedule Rule","2025-07-01 06:45:00",,Shacharis,,,,"5 Tammuz 5785",,,confirmed,,64852,,,,,
"Schedule Rule","2025-07-01 09:13:17",,"Zman Krias Shma",,,,"5 Tammuz 5785",,,confirmed,,114101,,,,,
"Schedule Rule","2025-07-01 20:30:00",,Shkia,,,,"5 Tammuz 5785",,,confirmed,,121564,,,,,
"Hebrew Date",2025-07-01,,"5 Tammuz 5785",,,,"5 Tammuz 5785",,,,,,,,,,
Sunrise,"2025-07-01 05:27:35",,Sunrise,,,,"5 Tammuz 5785",,,,,,,,,,
Sunset,"2025-07-01 20:30:23",,Sunset,,,,"5 Tammuz 5785",,,,,,,,,,
Zmanim,"2025-07-01 03:39:13",,"Alos Hashachar",,,,"5 Tammuz 5785",,,,,,,,,,
Zmanim,"2025-07-01 04:25:16",,"Earliest Tallis",,,,"5 Tammuz 5785",,,,,,,,,,
Zmanim,"2025-07-01 05:27:35",,"Netz (Sunrise)",,,,"5 Tammuz 5785",,,,,,,,,,
Zmanim,"2025-07-01 09:13:00",,"Latest Shema",,,,"5 Tammuz 5785",,,,,,,,,,
Zmanim,"2025-07-01 10:28:31",,"Zman Tefillah",,,,"5 Tammuz 5785",,,,,,,,,,
Zmanim,"2025-07-01 12:58:59",,"Chatzos (Midday)",,,,"5 Tammuz 5785",,,,,,,,,,
Zmanim,"2025-07-01 13:36:36",,"Mincha Gedola",,,,"5 Tammuz 5785",,,,,,,,,,
Zmanim,"2025-07-01 17:22:18",,"Mincha Ketana",,,,"5 Tammuz 5785",,,,,,,,,,
Zmanim,"2025-07-01 18:56:20",,"Plag HaMincha",,,,"5 Tammuz 5785",,,,,,,,,,
Zmanim,"2025-07-01 20:30:23",,"Shkiah (Sunset)",,,,"5 Tammuz 5785",,,,,,,,,,
Zmanim,"2025-07-01 21:20:38",,"Tzais Hakochavim",,,,"5 Tammuz 5785",,,,,,,,,,
"Schedule Rule","2025-07-02 06:45:00",,Shacharis,,,,"6 Tammuz 5785",,,confirmed,,64852,,,,,
"Schedule Rule","2025-07-02 09:13:37",,"Zman Krias Shma",,,,"6 Tammuz 5785",,,confirmed,,114101,,,,,
"Schedule Rule","2025-07-02 20:30:00",,Shkia,,,,"6 Tammuz 5785",,,confirmed,,121564,,,,,
"Hebrew Date",2025-07-02,,"6 Tammuz 5785",,,,"6 Tammuz 5785",,,,,,,,,,
Sunrise,"2025-07-02 05:28:05",,Sunrise,,,,"6 Tammuz 5785",,,,,,,,,,
Sunset,"2025-07-02 20:30:15",,Sunset,,,,"6 Tammuz 5785",,,,,,,,,,
Zmanim,"2025-07-02 03:39:55",,"Alos Hashachar",,,,"6 Tammuz 5785",,,,,,,,,,
Zmanim,"2025-07-02 04:25:51",,"Earliest Tallis",,,,"6 Tammuz 5785",,,,,,,,,,
Zmanim,"2025-07-02 05:28:05",,"Netz (Sunrise)",,,,"6 Tammuz 5785",,,,,,,,,,
Zmanim,"2025-07-02 09:13:00",,"Latest Shema",,,,"6 Tammuz 5785",,,,,,,,,,
Zmanim,"2025-07-02 10:28:48",,"Zman Tefillah",,,,"6 Tammuz 5785",,,,,,,,,,
Zmanim,"2025-07-02 12:59:10",,"Chatzos (Midday)",,,,"6 Tammuz 5785",,,,,,,,,,
Zmanim,"2025-07-02 13:36:45",,"Mincha Gedola",,,,"6 Tammuz 5785",,,,,,,,,,
Zmanim,"2025-07-02 17:22:17",,"Mincha Ketana",,,,"6 Tammuz 5785",,,,,,,,,,
Zmanim,"2025-07-02 18:56:16",,"Plag HaMincha",,,,"6 Tammuz 5785",,,,,,,,,,
Zmanim,"2025-07-02 20:30:15",,"Shkiah (Sunset)",,,,"6 Tammuz 5785",,,,,,,,,,
Zmanim,"2025-07-02 21:20:25",,"Tzais Hakochavim",,,,"6 Tammuz 5785",,,,,,,,,,
"Schedule Rule","2025-07-03 06:35:00",,Shacharis,,,,"7 Tammuz 5785",,,confirmed,,91904,,,,,
"Schedule Rule","2025-07-03 09:13:59",,"Zman Krias Shma",,,,"7 Tammuz 5785",,,confirmed,,114101,,,,,
"Schedule Rule","2025-07-03 20:30:00",,Shkia,,,,"7 Tammuz 5785",,,confirmed,,121564,,,,,
"Hebrew Date",2025-07-03,,"7 Tammuz 5785",,,,"7 Tammuz 5785",,,,,,,,,,
Sunrise,"2025-07-03 05:28:37",,Sunrise,,,,"7 Tammuz 5785",,,,,,,,,,
Sunset,"2025-07-03 20:30:05",,Sunset,,,,"7 Tammuz 5785",,,,,,,,,,
Zmanim,"2025-07-03 03:40:40",,"Alos Hashachar",,,,"7 Tammuz 5785",,,,,,,,,,
Zmanim,"2025-07-03 04:26:29",,"Earliest Tallis",,,,"7 Tammuz 5785",,,,,,,,,,
Zmanim,"2025-07-03 05:28:37",,"Netz (Sunrise)",,,,"7 Tammuz 5785",,,,,,,,,,
Zmanim,"2025-07-03 09:13:00",,"Latest Shema",,,,"7 Tammuz 5785",,,,,,,,,,
Zmanim,"2025-07-03 10:29:06",,"Zman Tefillah",,,,"7 Tammuz 5785",,,,,,,,,,
Zmanim,"2025-07-03 12:59:21",,"Chatzos (Midday)",,,,"7 Tammuz 5785",,,,,,,,,,
Zmanim,"2025-07-03 13:36:54",,"Mincha Gedola",,,,"7 Tammuz 5785",,,,,,,,,,
Zmanim,"2025-07-03 17:22:16",,"Mincha Ketana",,,,"7 Tammuz 5785",,,,,,,,,,
Zmanim,"2025-07-03 18:56:10",,"Plag HaMincha",,,,"7 Tammuz 5785",,,,,,,,,,
Zmanim,"2025-07-03 20:30:05",,"Shkiah (Sunset)",,,,"7 Tammuz 5785",,,,,,,,,,
Zmanim,"2025-07-03 21:20:10",,"Tzais Hakochavim",,,,"7 Tammuz 5785",,,,,,,,,,
"All Day Event",2025-07-04,,"Independence Day",,,,"8 Tammuz 5785",,,confirmed,,0,,,,,
"Schedule Rule","2025-07-04 06:45:00",,Shacharis,,,,"8 Tammuz 5785",,,confirmed,,64851,,,,,
"Schedule Rule","2025-07-04 09:14:20",,"Zman Krias Shma",,,,"8 Tammuz 5785",,,confirmed,,114101,,,,,
"Schedule Rule","2025-07-04 18:57:00",,"Plag Mincha",,,,"8 Tammuz 5785",,,confirmed,,126932,,,,,
"Schedule Rule","2025-07-04 20:11:00",,Mincha,,,,"8 Tammuz 5785",,,confirmed,,107910,,,,,
"Schedule Rule","2025-07-04 20:11:00",,"Candle Lighting",,,,"8 Tammuz 5785",,,confirmed,,,,,,,
"Schedule Rule","2025-07-04 20:29:00",,Shkia,,,,"8 Tammuz 5785",,,confirmed,,121564,,,,,
"Hebrew Date",2025-07-04,,"8 Tammuz 5785",,,,"8 Tammuz 5785",,,,,,,,,,
Sunrise,"2025-07-04 05:29:10",,Sunrise,,,,"8 Tammuz 5785",,,,,,,,,,
Sunset,"2025-07-04 20:29:52",,Sunset,,,,"8 Tammuz 5785",,,,,,,,,,
Zmanim,"2025-07-04 03:41:28",,"Alos Hashachar",,,,"8 Tammuz 5785",,,,,,,,,,
Zmanim,"2025-07-04 04:27:08",,"Earliest Tallis",,,,"8 Tammuz 5785",,,,,,,,,,
Zmanim,"2025-07-04 05:29:10",,"Netz (Sunrise)",,,,"8 Tammuz 5785",,,,,,,,,,
Zmanim,"2025-07-04 09:14:00",,"Latest Shema",,,,"8 Tammuz 5785",,,,,,,,,,
Zmanim,"2025-07-04 10:29:24",,"Zman Tefillah",,,,"8 Tammuz 5785",,,,,,,,,,
Zmanim,"2025-07-04 12:59:31",,"Chatzos (Midday)",,,,"8 Tammuz 5785",,,,,,,,,,
Zmanim,"2025-07-04 13:37:02",,"Mincha Gedola",,,,"8 Tammuz 5785",,,,,,,,,,
Zmanim,"2025-07-04 17:22:13",,"Mincha Ketana",,,,"8 Tammuz 5785",,,,,,,,,,
Zmanim,"2025-07-04 18:56:02",,"Plag HaMincha",,,,"8 Tammuz 5785",,,,,,,,,,
Zmanim,"2025-07-04 20:29:52",,"Shkiah (Sunset)",,,,"8 Tammuz 5785",,,,,,,,,,
Zmanim,"2025-07-04 21:19:53",,"Tzais Hakochavim",,,,"8 Tammuz 5785",,,,,,,,,,
"Schedule Rule","2025-07-05 08:45:00",,"Youth Groups",Youth,,,"9 Tammuz 5785",,,confirmed,,118947,,,,,
"Schedule Rule","2025-07-05 08:45:00",,Shacharis,,,,"9 Tammuz 5785",,,confirmed,,114844,,,,,
"Schedule Rule","2025-07-05 09:14:42",,"Zman Krias Shma",,,,"9 Tammuz 5785",,,confirmed,,114101,,,,,
"Schedule Rule","2025-07-05 10:15:00",,"Mommy and Me",Youth,,,"9 Tammuz 5785",,,confirmed,,118948,,,,,
"Schedule Rule","2025-07-05 19:30:00",,Mincha,,,,"9 Tammuz 5785",,,confirmed,,114102,,,,,
"Schedule Rule","2025-07-05 20:29:00",,Shkia,,,,"9 Tammuz 5785",,,confirmed,,121564,,,,,
"Schedule Rule","2025-07-05 20:50:00",,"Eretz Yisrael Seder",,,,"9 Tammuz 5785",,,confirmed,,126930,,,,,
"Schedule Rule","2025-07-05 21:19:00",,Havdalah,,,,"9 Tammuz 5785",,,confirmed,,,,,,,
"Schedule Rule","2025-07-05 21:20:00",,Maariv,,,,"9 Tammuz 5785",,,confirmed,,114104,,,,,
Parsha,2025-07-05,,"Parshas Chukas",,,,"9 Tammuz 5785",,,,,,,,,,
"Hebrew Date",2025-07-05,,"9 Tammuz 5785",,,,"9 Tammuz 5785",,,,,,,,,,
Sunrise,"2025-07-05 05:29:44",,Sunrise,,,,"9 Tammuz 5785",,,,,,,,,,
Sunset,"2025-07-05 20:29:38",,Sunset,,,,"9 Tammuz 5785",,,,,,,,,,
Zmanim,"2025-07-05 03:42:17",,"Alos Hashachar",,,,"9 Tammuz 5785",,,,,,,,,,
Zmanim,"2025-07-05 04:27:50",,"Earliest Tallis",,,,"9 Tammuz 5785",,,,,,,,,,
Zmanim,"2025-07-05 05:29:44",,"Netz (Sunrise)",,,,"9 Tammuz 5785",,,,,,,,,,
Zmanim,"2025-07-05 09:14:00",,"Latest Shema",,,,"9 Tammuz 5785",,,,,,,,,,
Zmanim,"2025-07-05 10:29:42",,"Zman Tefillah",,,,"9 Tammuz 5785",,,,,,,,,,
Zmanim,"2025-07-05 12:59:41",,"Chatzos (Midday)",,,,"9 Tammuz 5785",,,,,,,,,,
Zmanim,"2025-07-05 13:37:10",,"Mincha Gedola",,,,"9 Tammuz 5785",,,,,,,,,,
Zmanim,"2025-07-05 17:22:09",,"Mincha Ketana",,,,"9 Tammuz 5785",,,,,,,,,,
Zmanim,"2025-07-05 18:55:53",,"Plag HaMincha",,,,"9 Tammuz 5785",,,,,,,,,,
Zmanim,"2025-07-05 20:29:38",,"Shkiah (Sunset)",,,,"9 Tammuz 5785",,,,,,,,,,
Zmanim,"2025-07-05 21:19:33",,"Tzais Hakochavim",,,,"9 Tammuz 5785",,,,,,,,,,
"Schedule Rule","2025-07-06 08:00:00",,Shacharis,,,,"10 Tammuz 5785",,,confirmed,,114843,,,,,
"Schedule Rule","2025-07-06 09:15:05",,"Zman Krias Shma",,,,"10 Tammuz 5785",,,confirmed,,114101,,,,,
"Schedule Rule","2025-07-06 20:15:22",,Mincha/Maariv,,,,"10 Tammuz 5785",,,confirmed,,77113,,,,,
"Schedule Rule","2025-07-06 20:29:00",,Shkia,,,,"10 Tammuz 5785",,,confirmed,,121564,,,,,
"Hebrew Date",2025-07-06,,"10 Tammuz 5785",,,,"10 Tammuz 5785",,,,,,,,,,
Sunrise,"2025-07-06 05:30:20",,Sunrise,,,,"10 Tammuz 5785",,,,,,,,,,
Sunset,"2025-07-06 20:29:22",,Sunset,,,,"10 Tammuz 5785",,,,,,,,,,
Zmanim,"2025-07-06 03:43:10",,"Alos Hashachar",,,,"10 Tammuz 5785",,,,,,,,,,
Zmanim,"2025-07-06 04:28:33",,"Earliest Tallis",,,,"10 Tammuz 5785",,,,,,,,,,
Zmanim,"2025-07-06 05:30:20",,"Netz (Sunrise)",,,,"10 Tammuz 5785",,,,,,,,,,
Zmanim,"2025-07-06 09:15:00",,"Latest Shema",,,,"10 Tammuz 5785",,,,,,,,,,
Zmanim,"2025-07-06 10:30:00",,"Zman Tefillah",,,,"10 Tammuz 5785",,,,,,,,,,
Zmanim,"2025-07-06 12:59:51",,"Chatzos (Midday)",,,,"10 Tammuz 5785",,,,,,,,,,
Zmanim,"2025-07-06 13:37:18",,"Mincha Gedola",,,,"10 Tammuz 5785",,,,,,,,,,
Zmanim,"2025-07-06 17:22:04",,"Mincha Ketana",,,,"10 Tammuz 5785",,,,,,,,,,
Zmanim,"2025-07-06 18:55:43",,"Plag HaMincha",,,,"10 Tammuz 5785",,,,,,,,,,
Zmanim,"2025-07-06 20:29:22",,"Shkiah (Sunset)",,,,"10 Tammuz 5785",,,,,,,,,,
Zmanim,"2025-07-06 21:19:11",,"Tzais Hakochavim",,,,"10 Tammuz 5785",,,,,,,,,,
"Schedule Rule","2025-07-07 06:35:00",,Shacharis,,,,"11 Tammuz 5785",,,confirmed,,91904,,,,,
"Schedule Rule","2025-07-07 09:15:28",,"Zman Krias Shma",,,,"11 Tammuz 5785",,,confirmed,,114101,,,,,
"Schedule Rule","2025-07-07 20:29:00",,Shkia,,,,"11 Tammuz 5785",,,confirmed,,121564,,,,,
"Hebrew Date",2025-07-07,,"11 Tammuz 5785",,,,"11 Tammuz 5785",,,,,,,,,,
Sunrise,"2025-07-07 05:30:57",,Sunrise,,,,"11 Tammuz 5785",,,,,,,,,,
Sunset,"2025-07-07 20:29:03",,Sunset,,,,"11 Tammuz 5785",,,,,,,,,,
Zmanim,"2025-07-07 03:44:04",,"Alos Hashachar",,,,"11 Tammuz 5785",,,,,,,,,,
Zmanim,"2025-07-07 04:29:17",,"Earliest Tallis",,,,"11 Tammuz 5785",,,,,,,,,,
Zmanim,"2025-07-07 05:30:57",,"Netz (Sunrise)",,,,"11 Tammuz 5785",,,,,,,,,,
Zmanim,"2025-07-07 09:15:00",,"Latest Shema",,,,"11 Tammuz 5785",,,,,,,,,,
Zmanim,"2025-07-07 10:30:19",,"Zman Tefillah",,,,"11 Tammuz 5785",,,,,,,,,,
Zmanim,"2025-07-07 13:00:00",,"Chatzos (Midday)",,,,"11 Tammuz 5785",,,,,,,,,,
Zmanim,"2025-07-07 13:37:25",,"Mincha Gedola",,,,"11 Tammuz 5785",,,,,,,,,,
Zmanim,"2025-07-07 17:21:56",,"Mincha Ketana",,,,"11 Tammuz 5785",,,,,,,,,,
Zmanim,"2025-07-07 18:55:29",,"Plag HaMincha",,,,"11 Tammuz 5785",,,,,,,,,,
Zmanim,"2025-07-07 20:29:03",,"Shkiah (Sunset)",,,,"11 Tammuz 5785",,,,,,,,,,
Zmanim,"2025-07-07 21:18:47",,"Tzais Hakochavim",,,,"11 Tammuz 5785",,,,,,,,,,
"Schedule Rule","2025-07-08 06:45:00",,Shacharis,,,,"12 Tammuz 5785",,,confirmed,,64852,,,,,
"Schedule Rule","2025-07-08 09:15:52",,"Zman Krias Shma",,,,"12 Tammuz 5785",,,confirmed,,114101,,,,,
"Schedule Rule","2025-07-08 20:28:00",,Shkia,,,,"12 Tammuz 5785",,,confirmed,,121564,,,,,
"Hebrew Date",2025-07-08,,"12 Tammuz 5785",,,,"12 Tammuz 5785",,,,,,,,,,
Sunrise,"2025-07-08 05:31:36",,Sunrise,,,,"12 Tammuz 5785",,,,,,,,,,
Sunset,"2025-07-08 20:28:43",,Sunset,,,,"12 Tammuz 5785",,,,,,,,,,
Zmanim,"2025-07-08 03:45:00",,"Alos Hashachar",,,,"12 Tammuz 5785",,,,,,,,,,
Zmanim,"2025-07-08 04:30:04",,"Earliest Tallis",,,,"12 Tammuz 5785",,,,,,,,,,
Zmanim,"2025-07-08 05:31:36",,"Netz (Sunrise)",,,,"12 Tammuz 5785",,,,,,,,,,
Zmanim,"2025-07-08 09:15:00",,"Latest Shema",,,,"12 Tammuz 5785",,,,,,,,,,
Zmanim,"2025-07-08 10:30:38",,"Zman Tefillah",,,,"12 Tammuz 5785",,,,,,,,,,
Zmanim,"2025-07-08 13:00:09",,"Chatzos (Midday)",,,,"12 Tammuz 5785",,,,,,,,,,
Zmanim,"2025-07-08 13:37:32",,"Mincha Gedola",,,,"12 Tammuz 5785",,,,,,,,,,
Zmanim,"2025-07-08 17:21:49",,"Mincha Ketana",,,,"12 Tammuz 5785",,,,,,,,,,
Zmanim,"2025-07-08 18:55:16",,"Plag HaMincha",,,,"12 Tammuz 5785",,,,,,,,,,
Zmanim,"2025-07-08 20:28:43",,"Shkiah (Sunset)",,,,"12 Tammuz 5785",,,,,,,,,,
Zmanim,"2025-07-08 21:18:20",,"Tzais Hakochavim",,,,"12 Tammuz 5785",,,,,,,,,,
"Schedule Rule","2025-07-09 06:45:00",,Shacharis,,,,"13 Tammuz 5785",,,confirmed,,64852,,,,,
"Schedule Rule","2025-07-09 09:16:16",,"Zman Krias Shma",,,,"13 Tammuz 5785",,,confirmed,,114101,,,,,
"Schedule Rule","2025-07-09 20:28:00",,Shkia,,,,"13 Tammuz 5785",,,confirmed,,121564,,,,,
"Hebrew Date",2025-07-09,,"13 Tammuz 5785",,,,"13 Tammuz 5785",,,,,,,,,,
Sunrise,"2025-07-09 05:32:15",,Sunrise,,,,"13 Tammuz 5785",,,,,,,,,,
Sunset,"2025-07-09 20:28:20",,Sunset,,,,"13 Tammuz 5785",,,,,,,,,,
Zmanim,"2025-07-09 03:45:59",,"Alos Hashachar",,,,"13 Tammuz 5785",,,,,,,,,,
Zmanim,"2025-07-09 04:30:52",,"Earliest Tallis",,,,"13 Tammuz 5785",,,,,,,,,,
Zmanim,"2025-07-09 05:32:15",,"Netz (Sunrise)",,,,"13 Tammuz 5785",,,,,,,,,,
Zmanim,"2025-07-09 09:16:00",,"Latest Shema",,,,"13 Tammuz 5785",,,,,,,,,,
Zmanim,"2025-07-09 10:30:56",,"Zman Tefillah",,,,"13 Tammuz 5785",,,,,,,,,,
Zmanim,"2025-07-09 13:00:17",,"Chatzos (Midday)",,,,"13 Tammuz 5785",,,,,,,,,,
Zmanim,"2025-07-09 13:37:37",,"Mincha Gedola",,,,"13 Tammuz 5785",,,,,,,,,,
Zmanim,"2025-07-09 17:21:38",,"Mincha Ketana",,,,"13 Tammuz 5785",,,,,,,,,,
Zmanim,"2025-07-09 18:54:59",,"Plag HaMincha",,,,"13 Tammuz 5785",,,,,,,,,,
Zmanim,"2025-07-09 20:28:20",,"Shkiah (Sunset)",,,,"13 Tammuz 5785",,,,,,,,,,
Zmanim,"2025-07-09 21:17:51",,"Tzais Hakochavim",,,,"13 Tammuz 5785",,,,,,,,,,
"Schedule Rule","2025-07-10 06:35:00",,Shacharis,,,,"14 Tammuz 5785",,,confirmed,,91904,,,,,
"Schedule Rule","2025-07-10 09:16:41",,"Zman Krias Shma",,,,"14 Tammuz 5785",,,confirmed,,114101,,,,,
"Schedule Rule","2025-07-10 20:27:00",,Shkia,,,,"14 Tammuz 5785",,,confirmed,,121564,,,,,
"Hebrew Date",2025-07-10,,"14 Tammuz 5785",,,,"14 Tammuz 5785",,,,,,,,,,
Sunrise,"2025-07-10 05:32:56",,Sunrise,,,,"14 Tammuz 5785",,,,,,,,,,
Sunset,"2025-07-10 20:27:56",,Sunset,,,,"14 Tammuz 5785",,,,,,,,,,
Zmanim,"2025-07-10 03:46:59",,"Alos Hashachar",,,,"14 Tammuz 5785",,,,,,,,,,
Zmanim,"2025-07-10 04:31:42",,"Earliest Tallis",,,,"14 Tammuz 5785",,,,,,,,,,
Zmanim,"2025-07-10 05:32:56",,"Netz (Sunrise)",,,,"14 Tammuz 5785",,,,,,,,,,
Zmanim,"2025-07-10 09:16:00",,"Latest Shema",,,,"14 Tammuz 5785",,,,,,,,,,
Zmanim,"2025-07-10 10:31:16",,"Zman Tefillah",,,,"14 Tammuz 5785",,,,,,,,,,
Zmanim,"2025-07-10 13:00:26",,"Chatzos (Midday)",,,,"14 Tammuz 5785",,,,,,,,,,
Zmanim,"2025-07-10 13:37:43",,"Mincha Gedola",,,,"14 Tammuz 5785",,,,,,,,,,
Zmanim,"2025-07-10 17:21:28",,"Mincha Ketana",,,,"14 Tammuz 5785",,,,,,,,,,
Zmanim,"2025-07-10 18:54:42",,"Plag HaMincha",,,,"14 Tammuz 5785",,,,,,,,,,
Zmanim,"2025-07-10 20:27:56",,"Shkiah (Sunset)",,,,"14 Tammuz 5785",,,,,,,,,,
Zmanim,"2025-07-10 21:17:19",,"Tzais Hakochavim",,,,"14 Tammuz 5785",,,,,,,,,,
"Schedule Rule","2025-07-11 06:45:00",,Shacharis,,,,"15 Tammuz 5785",,,confirmed,,64851,,,,,
"Schedule Rule","2025-07-11 09:17:05",,"Zman Krias Shma",,,,"15 Tammuz 5785",,,confirmed,,114101,,,,,
"Schedule Rule","2025-07-11 18:55:00",,"Plag Mincha",,,,"15 Tammuz 5785",,,confirmed,,126932,,,,,
"Schedule Rule","2025-07-11 20:09:00",,Mincha,,,,"15 Tammuz 5785",,,confirmed,,107910,,,,,
"Schedule Rule","2025-07-11 20:09:00",,"Candle Lighting",,,,"15 Tammuz 5785",,,confirmed,,,,,,,
"Schedule Rule","2025-07-11 20:27:00",,Shkia,,,,"15 Tammuz 5785",,,confirmed,,121564,,,,,
"Hebrew Date",2025-07-11,,"15 Tammuz 5785",,,,"15 Tammuz 5785",,,,,,,,,,
Sunrise,"2025-07-11 05:33:38",,Sunrise,,,,"15 Tammuz 5785",,,,,,,,,,
Sunset,"2025-07-11 20:27:29",,Sunset,,,,"15 Tammuz 5785",,,,,,,,,,
Zmanim,"2025-07-11 03:48:02",,"Alos Hashachar",,,,"15 Tammuz 5785",,,,,,,,,,
Zmanim,"2025-07-11 04:32:33",,"Earliest Tallis",,,,"15 Tammuz 5785",,,,,,,,,,
Zmanim,"2025-07-11 05:33:38",,"Netz (Sunrise)",,,,"15 Tammuz 5785",,,,,,,,,,
Zmanim,"2025-07-11 09:17:00",,"Latest Shema",,,,"15 Tammuz 5785",,,,,,,,,,
Zmanim,"2025-07-11 10:31:35",,"Zman Tefillah",,,,"15 Tammuz 5785",,,,,,,,,,
Zmanim,"2025-07-11 13:00:33",,"Chatzos (Midday)",,,,"15 Tammuz 5785",,,,,,,,,,
Zmanim,"2025-07-11 13:37:48",,"Mincha Gedola",,,,"15 Tammuz 5785",,,,,,,,,,
Zmanim,"2025-07-11 17:21:15",,"Mincha Ketana",,,,"15 Tammuz 5785",,,,,,,,,,
Zmanim,"2025-07-11 18:54:22",,"Plag HaMincha",,,,"15 Tammuz 5785",,,,,,,,,,
Zmanim,"2025-07-11 20:27:29",,"Shkiah (Sunset)",,,,"15 Tammuz 5785",,,,,,,,,,
Zmanim,"2025-07-11 21:16:46",,"Tzais Hakochavim",,,,"15 Tammuz 5785",,,,,,,,,,
"Schedule Rule","2025-07-12 08:45:00",,"Youth Groups",Youth,,,"16 Tammuz 5785",,,confirmed,,118947,,,,,
"Schedule Rule","2025-07-12 08:45:00",,Shacharis,,,,"16 Tammuz 5785",,,confirmed,,114844,,,,,
"Schedule Rule","2025-07-12 09:17:31",,"Zman Krias Shma",,,,"16 Tammuz 5785",,,confirmed,,114101,,,,,
"Schedule Rule","2025-07-12 10:15:00",,"Mommy and Me",Youth,,,"16 Tammuz 5785",,,confirmed,,118948,,,,,
"Schedule Rule","2025-07-12 19:30:00",,Mincha,,,,"16 Tammuz 5785",,,confirmed,,114102,,,,,
"Schedule Rule","2025-07-12 20:27:00",,Shkia,,,,"16 Tammuz 5785",,,confirmed,,121564,,,,,
"Schedule Rule","2025-07-12 20:45:00",,"Eretz Yisrael Seder",,,,"16 Tammuz 5785",,,confirmed,,126930,,,,,
"Schedule Rule","2025-07-12 21:17:00",,Maariv,,,,"16 Tammuz 5785",,,confirmed,,114104,,,,,
"Schedule Rule","2025-07-12 21:17:00",,Havdalah,,,,"16 Tammuz 5785",,,confirmed,,,,,,,
Parsha,2025-07-12,,"Parshas Balak",,,,"16 Tammuz 5785",,,,,,,,,,
"Hebrew Date",2025-07-12,,"16 Tammuz 5785",,,,"16 Tammuz 5785",,,,,,,,,,
Sunrise,"2025-07-12 05:34:21",,Sunrise,,,,"16 Tammuz 5785",,,,,,,,,,
Sunset,"2025-07-12 20:27:01",,Sunset,,,,"16 Tammuz 5785",,,,,,,,,,
Zmanim,"2025-07-12 03:49:06",,"Alos Hashachar",,,,"16 Tammuz 5785",,,,,,,,,,
Zmanim,"2025-07-12 04:33:26",,"Earliest Tallis",,,,"16 Tammuz 5785",,,,,,,,,,
Zmanim,"2025-07-12 05:34:21",,"Netz (Sunrise)",,,,"16 Tammuz 5785",,,,,,,,,,
Zmanim,"2025-07-12 09:17:00",,"Latest Shema",,,,"16 Tammuz 5785",,,,,,,,,,
Zmanim,"2025-07-12 10:31:54",,"Zman Tefillah",,,,"16 Tammuz 5785",,,,,,,,,,
Zmanim,"2025-07-12 13:00:41",,"Chatzos (Midday)",,,,"16 Tammuz 5785",,,,,,,,,,
Zmanim,"2025-07-12 13:37:52",,"Mincha Gedola",,,,"16 Tammuz 5785",,,,,,,,,,
Zmanim,"2025-07-12 17:21:02",,"Mincha Ketana",,,,"16 Tammuz 5785",,,,,,,,,,
Zmanim,"2025-07-12 18:54:01",,"Plag HaMincha",,,,"16 Tammuz 5785",,,,,,,,,,
Zmanim,"2025-07-12 20:27:01",,"Shkiah (Sunset)",,,,"16 Tammuz 5785",,,,,,,,,,
Zmanim,"2025-07-12 21:16:10",,"Tzais Hakochavim",,,,"16 Tammuz 5785",,,,,,,,,,
"Schedule Rule","2025-07-13 08:00:00",,Shacharis,,,,"17 Tammuz 5785",,,confirmed,,37364,,,,,
"Schedule Rule","2025-07-13 09:17:57",,"Zman Krias Shma",,,"Sof Zman Krias Shma","17 Tammuz 5785",,,confirmed,,105997,,,,,
"Schedule Rule","2025-07-13 20:00:00",,Mincha,,,,"17 Tammuz 5785",,,confirmed,,105995,,,,,
"Schedule Rule","2025-07-13 20:26:00",,Shkia,,,,"17 Tammuz 5785",,,confirmed,,105996,,,,,
"Jewish Holiday",2025-07-13,,"Fast of Tammuz",,,,"17 Tammuz 5785",,,,,,,,,,
"Hebrew Date",2025-07-13,,"17 Tammuz 5785",,,,"17 Tammuz 5785",,,,,,,,,,
Sunrise,"2025-07-13 05:35:06",,Sunrise,,,,"17 Tammuz 5785",,,,,,,,,,
Sunset,"2025-07-13 20:26:30",,Sunset,,,,"17 Tammuz 5785",,,,,,,,,,
Zmanim,"2025-07-13 03:50:12",,"Alos Hashachar",,,,"17 Tammuz 5785",,,,,,,,,,
Zmanim,"2025-07-13 04:34:20",,"Earliest Tallis",,,,"17 Tammuz 5785",,,,,,,,,,
Zmanim,"2025-07-13 05:35:06",,"Netz (Sunrise)",,,,"17 Tammuz 5785",,,,,,,,,,
Zmanim,"2025-07-13 09:17:00",,"Latest Shema",,,,"17 Tammuz 5785",,,,,,,,,,
Zmanim,"2025-07-13 10:32:14",,"Zman Tefillah",,,,"17 Tammuz 5785",,,,,,,,,,
Zmanim,"2025-07-13 13:00:48",,"Chatzos (Midday)",,,,"17 Tammuz 5785",,,,,,,,,,
Zmanim,"2025-07-13 13:37:56",,"Mincha Gedola",,,,"17 Tammuz 5785",,,,,,,,,,
Zmanim,"2025-07-13 17:20:47",,"Mincha Ketana",,,,"17 Tammuz 5785",,,,,,,,,,
Zmanim,"2025-07-13 18:53:38",,"Plag HaMincha",,,,"17 Tammuz 5785",,,,,,,,,,
Zmanim,"2025-07-13 20:26:30",,"Shkiah (Sunset)",,,,"17 Tammuz 5785",,,,,,,,,,
Zmanim,"2025-07-13 21:15:32",,"Tzais Hakochavim",,,,"17 Tammuz 5785",,,,,,,,,,
"Schedule Rule","2025-07-14 06:35:00",,Shacharis,,,,"18 Tammuz 5785",,,confirmed,,91904,,,,,
"Schedule Rule","2025-07-14 09:18:22",,"Zman Krias Shma",,,,"18 Tammuz 5785",,,confirmed,,114101,,,,,
"Schedule Rule","2025-07-14 20:25:00",,Shkia,,,,"18 Tammuz 5785",,,confirmed,,121564,,,,,
"Hebrew Date",2025-07-14,,"18 Tammuz 5785",,,,"18 Tammuz 5785",,,,,,,,,,
Sunrise,"2025-07-14 05:35:51",,Sunrise,,,,"18 Tammuz 5785",,,,,,,,,,
Sunset,"2025-07-14 20:25:58",,Sunset,,,,"18 Tammuz 5785",,,,,,,,,,
Zmanim,"2025-07-14 03:51:20",,"Alos Hashachar",,,,"18 Tammuz 5785",,,,,,,,,,
Zmanim,"2025-07-14 04:35:15",,"Earliest Tallis",,,,"18 Tammuz 5785",,,,,,,,,,
Zmanim,"2025-07-14 05:35:51",,"Netz (Sunrise)",,,,"18 Tammuz 5785",,,,,,,,,,
Zmanim,"2025-07-14 09:18:00",,"Latest Shema",,,,"18 Tammuz 5785",,,,,,,,,,
Zmanim,"2025-07-14 10:32:33",,"Zman Tefillah",,,,"18 Tammuz 5785",,,,,,,,,,
Zmanim,"2025-07-14 13:00:54",,"Chatzos (Midday)",,,,"18 Tammuz 5785",,,,,,,,,,
Zmanim,"2025-07-14 13:37:59",,"Mincha Gedola",,,,"18 Tammuz 5785",,,,,,,,,,
Zmanim,"2025-07-14 17:20:31",,"Mincha Ketana",,,,"18 Tammuz 5785",,,,,,,,,,
Zmanim,"2025-07-14 18:53:14",,"Plag HaMincha",,,,"18 Tammuz 5785",,,,,,,,,,
Zmanim,"2025-07-14 20:25:58",,"Shkiah (Sunset)",,,,"18 Tammuz 5785",,,,,,,,,,
Zmanim,"2025-07-14 21:14:52",,"Tzais Hakochavim",,,,"18 Tammuz 5785",,,,,,,,,,
"Schedule Rule","2025-07-15 06:45:00",,Shacharis,,,,"19 Tammuz 5785",,,confirmed,,64852,,,,,
"Schedule Rule","2025-07-15 09:18:48",,"Zman Krias Shma",,,,"19 Tammuz 5785",,,confirmed,,114101,,,,,
"Schedule Rule","2025-07-15 20:25:00",,Shkia,,,,"19 Tammuz 5785",,,confirmed,,121564,,,,,
"Hebrew Date",2025-07-15,,"19 Tammuz 5785",,,,"19 Tammuz 5785",,,,,,,,,,
Sunrise,"2025-07-15 05:36:37",,Sunrise,,,,"19 Tammuz 5785",,,,,,,,,,
Sunset,"2025-07-15 20:25:24",,Sunset,,,,"19 Tammuz 5785",,,,,,,,,,
Zmanim,"2025-07-15 03:52:29",,"Alos Hashachar",,,,"19 Tammuz 5785",,,,,,,,,,
Zmanim,"2025-07-15 04:36:12",,"Earliest Tallis",,,,"19 Tammuz 5785",,,,,,,,,,
Zmanim,"2025-07-15 05:36:37",,"Netz (Sunrise)",,,,"19 Tammuz 5785",,,,,,,,,,
Zmanim,"2025-07-15 09:18:00",,"Latest Shema",,,,"19 Tammuz 5785",,,,,,,,,,
Zmanim,"2025-07-15 10:32:52",,"Zman Tefillah",,,,"19 Tammuz 5785",,,,,,,,,,
Zmanim,"2025-07-15 13:01:00",,"Chatzos (Midday)",,,,"19 Tammuz 5785",,,,,,,,,,
Zmanim,"2025-07-15 13:38:02",,"Mincha Gedola",,,,"19 Tammuz 5785",,,,,,,,,,
Zmanim,"2025-07-15 17:20:14",,"Mincha Ketana",,,,"19 Tammuz 5785",,,,,,,,,,
Zmanim,"2025-07-15 18:52:49",,"Plag HaMincha",,,,"19 Tammuz 5785",,,,,,,,,,
Zmanim,"2025-07-15 20:25:24",,"Shkiah (Sunset)",,,,"19 Tammuz 5785",,,,,,,,,,
Zmanim,"2025-07-15 21:14:09",,"Tzais Hakochavim",,,,"19 Tammuz 5785",,,,,,,,,,
"Schedule Rule","2025-07-16 06:45:00",,Shacharis,,,,"20 Tammuz 5785",,,confirmed,,64852,,,,,
"Schedule Rule","2025-07-16 09:19:14",,"Zman Krias Shma",,,,"20 Tammuz 5785",,,confirmed,,114101,,,,,
"Schedule Rule","2025-07-16 20:24:00",,Shkia,,,,"20 Tammuz 5785",,,confirmed,,121564,,,,,
"Hebrew Date",2025-07-16,,"20 Tammuz 5785",,,,"20 Tammuz 5785",,,,,,,,,,
Sunrise,"2025-07-16 05:37:24",,Sunrise,,,,"20 Tammuz 5785",,,,,,,,,,
Sunset,"2025-07-16 20:24:47",,Sunset,,,,"20 Tammuz 5785",,,,,,,,,,
Zmanim,"2025-07-16 03:53:40",,"Alos Hashachar",,,,"20 Tammuz 5785",,,,,,,,,,
Zmanim,"2025-07-16 04:37:10",,"Earliest Tallis",,,,"20 Tammuz 5785",,,,,,,,,,
Zmanim,"2025-07-16 05:37:24",,"Netz (Sunrise)",,,,"20 Tammuz 5785",,,,,,,,,,
Zmanim,"2025-07-16 09:19:00",,"Latest Shema",,,,"20 Tammuz 5785",,,,,,,,,,
Zmanim,"2025-07-16 10:33:11",,"Zman Tefillah",,,,"20 Tammuz 5785",,,,,,,,,,
Zmanim,"2025-07-16 13:01:05",,"Chatzos (Midday)",,,,"20 Tammuz 5785",,,,,,,,,,
Zmanim,"2025-07-16 13:38:03",,"Mincha Gedola",,,,"20 Tammuz 5785",,,,,,,,,,
Zmanim,"2025-07-16 17:19:54",,"Mincha Ketana",,,,"20 Tammuz 5785",,,,,,,,,,
Zmanim,"2025-07-16 18:52:20",,"Plag HaMincha",,,,"20 Tammuz 5785",,,,,,,,,,
Zmanim,"2025-07-16 20:24:47",,"Shkiah (Sunset)",,,,"20 Tammuz 5785",,,,,,,,,,
Zmanim,"2025-07-16 21:13:25",,"Tzais Hakochavim",,,,"20 Tammuz 5785",,,,,,,,,,
"Schedule Rule","2025-07-17 06:35:00",,Shacharis,,,,"21 Tammuz 5785",,,confirmed,,91904,,,,,
"Schedule Rule","2025-07-17 09:19:41",,"Zman Krias Shma",,,,"21 Tammuz 5785",,,confirmed,,114101,,,,,
"Schedule Rule","2025-07-17 20:24:00",,Shkia,,,,"21 Tammuz 5785",,,confirmed,,121564,,,,,
"Hebrew Date",2025-07-17,,"21 Tammuz 5785",,,,"21 Tammuz 5785",,,,,,,,,,
Sunrise,"2025-07-17 05:38:12",,Sunrise,,,,"21 Tammuz 5785",,,,,,,,,,
Sunset,"2025-07-17 20:24:09",,Sunset,,,,"21 Tammuz 5785",,,,,,,,,,
Zmanim,"2025-07-17 03:54:52",,"Alos Hashachar",,,,"21 Tammuz 5785",,,,,,,,,,
Zmanim,"2025-07-17 04:38:09",,"Earliest Tallis",,,,"21 Tammuz 5785",,,,,,,,,,
Zmanim,"2025-07-17 05:38:12",,"Netz (Sunrise)",,,,"21 Tammuz 5785",,,,,,,,,,
Zmanim,"2025-07-17 09:19:00",,"Latest Shema",,,,"21 Tammuz 5785",,,,,,,,,,
Zmanim,"2025-07-17 10:33:31",,"Zman Tefillah",,,,"21 Tammuz 5785",,,,,,,,,,
Zmanim,"2025-07-17 13:01:10",,"Chatzos (Midday)",,,,"21 Tammuz 5785",,,,,,,,,,
Zmanim,"2025-07-17 13:38:05",,"Mincha Gedola",,,,"21 Tammuz 5785",,,,,,,,,,
Zmanim,"2025-07-17 17:19:34",,"Mincha Ketana",,,,"21 Tammuz 5785",,,,,,,,,,
Zmanim,"2025-07-17 18:51:51",,"Plag HaMincha",,,,"21 Tammuz 5785",,,,,,,,,,
Zmanim,"2025-07-17 20:24:09",,"Shkiah (Sunset)",,,,"21 Tammuz 5785",,,,,,,,,,
Zmanim,"2025-07-17 21:12:38",,"Tzais Hakochavim",,,,"21 Tammuz 5785",,,,,,,,,,
"Schedule Rule","2025-07-18 06:45:00",,Shacharis,,,,"22 Tammuz 5785",,,confirmed,,64851,,,,,
"Schedule Rule","2025-07-18 09:20:08",,"Zman Krias Shma",,,,"22 Tammuz 5785",,,confirmed,,114101,,,,,
"Schedule Rule","2025-07-18 18:52:00",,"Plag Mincha",,,,"22 Tammuz 5785",,,confirmed,,126932,,,,,
"Schedule Rule","2025-07-18 20:05:00",,Mincha,,,,"22 Tammuz 5785",,,confirmed,,107910,,,,,
"Schedule Rule","2025-07-18 20:05:00",,"Candle Lighting",,,,"22 Tammuz 5785",,,confirmed,,,,,,,
"Schedule Rule","2025-07-18 20:23:00",,Shkia,,,,"22 Tammuz 5785",,,confirmed,,121564,,,,,
"Hebrew Date",2025-07-18,,"22 Tammuz 5785",,,,"22 Tammuz 5785",,,,,,,,,,
Sunrise,"2025-07-18 05:39:01",,Sunrise,,,,"22 Tammuz 5785",,,,,,,,,,
Sunset,"2025-07-18 20:23:29",,Sunset,,,,"22 Tammuz 5785",,,,,,,,,,
Zmanim,"2025-07-18 03:56:05",,"Alos Hashachar",,,,"22 Tammuz 5785",,,,,,,,,,
Zmanim,"2025-07-18 04:39:09",,"Earliest Tallis",,,,"22 Tammuz 5785",,,,,,,,,,
Zmanim,"2025-07-18 05:39:01",,"Netz (Sunrise)",,,,"22 Tammuz 5785",,,,,,,,,,
Zmanim,"2025-07-18 09:20:00",,"Latest Shema",,,,"22 Tammuz 5785",,,,,,,,,,
Zmanim,"2025-07-18 10:33:50",,"Zman Tefillah",,,,"22 Tammuz 5785",,,,,,,,,,
Zmanim,"2025-07-18 13:01:15",,"Chatzos (Midday)",,,,"22 Tammuz 5785",,,,,,,,,,
Zmanim,"2025-07-18 13:38:06",,"Mincha Gedola",,,,"22 Tammuz 5785",,,,,,,,,,
Zmanim,"2025-07-18 17:19:13",,"Mincha Ketana",,,,"22 Tammuz 5785",,,,,,,,,,
Zmanim,"2025-07-18 18:51:21",,"Plag HaMincha",,,,"22 Tammuz 5785",,,,,,,,,,
Zmanim,"2025-07-18 20:23:29",,"Shkiah (Sunset)",,,,"22 Tammuz 5785",,,,,,,,,,
Zmanim,"2025-07-18 21:11:49",,"Tzais Hakochavim",,,,"22 Tammuz 5785",,,,,,,,,,
"Schedule Rule","2025-07-19 08:45:00",,"Youth Groups",Youth,,,"23 Tammuz 5785",,,confirmed,,118947,,,,,
"Schedule Rule","2025-07-19 08:45:00",,Shacharis,,,,"23 Tammuz 5785",,,confirmed,,114844,,,,,
"Schedule Rule","2025-07-19 09:20:35",,"Zman Krias Shma",,,,"23 Tammuz 5785",,,confirmed,,114101,,,,,
"Schedule Rule","2025-07-19 10:15:00",,"Mommy and Me",Youth,,,"23 Tammuz 5785",,,confirmed,,118948,,,,,
"Schedule Rule","2025-07-19 19:25:00",,Mincha,,,,"23 Tammuz 5785",,,confirmed,,114102,,,,,
"Schedule Rule","2025-07-19 20:22:00",,Shkia,,,,"23 Tammuz 5785",,,confirmed,,121564,,,,,
"Schedule Rule","2025-07-19 20:40:00",,"Eretz Yisrael Seder",,,,"23 Tammuz 5785",,,confirmed,,126930,,,,,
"Schedule Rule","2025-07-19 21:11:00",,Maariv,,,,"23 Tammuz 5785",,,confirmed,,114104,,,,,
"Schedule Rule","2025-07-19 21:12:00",,Havdalah,,,,"23 Tammuz 5785",,,confirmed,,,,,,,
"Jewish Holiday",2025-07-19,,"Shabbos Mevarchim",,,,"23 Tammuz 5785",,,,,,,,,,
Parsha,2025-07-19,,"Parshas Pinchas",,,,"23 Tammuz 5785",,,,,,,,,,
"Hebrew Date",2025-07-19,,"23 Tammuz 5785",,,,"23 Tammuz 5785",,,,,,,,,,
Sunrise,"2025-07-19 05:39:51",,Sunrise,,,,"23 Tammuz 5785",,,,,,,,,,
Sunset,"2025-07-19 20:22:47",,Sunset,,,,"23 Tammuz 5785",,,,,,,,,,
Zmanim,"2025-07-19 03:57:19",,"Alos Hashachar",,,,"23 Tammuz 5785",,,,,,,,,,
Zmanim,"2025-07-19 04:40:10",,"Earliest Tallis",,,,"23 Tammuz 5785",,,,,,,,,,
Zmanim,"2025-07-19 05:39:51",,"Netz (Sunrise)",,,,"23 Tammuz 5785",,,,,,,,,,
Zmanim,"2025-07-19 09:20:00",,"Latest Shema",,,,"23 Tammuz 5785",,,,,,,,,,
Zmanim,"2025-07-19 10:34:09",,"Zman Tefillah",,,,"23 Tammuz 5785",,,,,,,,,,
Zmanim,"2025-07-19 13:01:19",,"Chatzos (Midday)",,,,"23 Tammuz 5785",,,,,,,,,,
Zmanim,"2025-07-19 13:38:06",,"Mincha Gedola",,,,"23 Tammuz 5785",,,,,,,,,,
Zmanim,"2025-07-19 17:18:50",,"Mincha Ketana",,,,"23 Tammuz 5785",,,,,,,,,,
Zmanim,"2025-07-19 18:50:48",,"Plag HaMincha",,,,"23 Tammuz 5785",,,,,,,,,,
Zmanim,"2025-07-19 20:22:47",,"Shkiah (Sunset)",,,,"23 Tammuz 5785",,,,,,,,,,
Zmanim,"2025-07-19 21:10:58",,"Tzais Hakochavim",,,,"23 Tammuz 5785",,,,,,,,,,
"Schedule Rule","2025-07-20 08:00:00",,Shacharis,,,,"24 Tammuz 5785",,,confirmed,,114843,,,,,
"Schedule Rule","2025-07-20 09:21:01",,"Zman Krias Shma",,,,"24 Tammuz 5785",,,confirmed,,114101,,,,,
"Schedule Rule","2025-07-20 20:08:03",,Mincha/Maariv,,,,"24 Tammuz 5785",,,confirmed,,77113,,,,,
"Schedule Rule","2025-07-20 20:22:00",,Shkia,,,,"24 Tammuz 5785",,,confirmed,,121564,,,,,
"Hebrew Date",2025-07-20,,"24 Tammuz 5785",,,,"24 Tammuz 5785",,,,,,,,,,
Sunrise,"2025-07-20 05:40:41",,Sunrise,,,,"24 Tammuz 5785",,,,,,,,,,
Sunset,"2025-07-20 20:22:03",,Sunset,,,,"24 Tammuz 5785",,,,,,,,,,
Zmanim,"2025-07-20 03:58:35",,"Alos Hashachar",,,,"24 Tammuz 5785",,,,,,,,,,
Zmanim,"2025-07-20 04:41:12",,"Earliest Tallis",,,,"24 Tammuz 5785",,,,,,,,,,
Zmanim,"2025-07-20 05:40:41",,"Netz (Sunrise)",,,,"24 Tammuz 5785",,,,,,,,,,
Zmanim,"2025-07-20 09:21:00",,"Latest Shema",,,,"24 Tammuz 5785",,,,,,,,,,
Zmanim,"2025-07-20 10:34:28",,"Zman Tefillah",,,,"24 Tammuz 5785",,,,,,,,,,
Zmanim,"2025-07-20 13:01:22",,"Chatzos (Midday)",,,,"24 Tammuz 5785",,,,,,,,,,
Zmanim,"2025-07-20 13:38:05",,"Mincha Gedola",,,,"24 Tammuz 5785",,,,,,,,,,
Zmanim,"2025-07-20 17:18:25",,"Mincha Ketana",,,,"24 Tammuz 5785",,,,,,,,,,
Zmanim,"2025-07-20 18:50:14",,"Plag HaMincha",,,,"24 Tammuz 5785",,,,,,,,,,
Zmanim,"2025-07-20 20:22:03",,"Shkiah (Sunset)",,,,"24 Tammuz 5785",,,,,,,,,,
Zmanim,"2025-07-20 21:10:05",,"Tzais Hakochavim",,,,"24 Tammuz 5785",,,,,,,,,,
"Schedule Rule","2025-07-21 06:35:00",,Shacharis,,,,"25 Tammuz 5785",,,confirmed,,91904,,,,,
"Schedule Rule","2025-07-21 09:21:29",,"Zman Krias Shma",,,,"25 Tammuz 5785",,,confirmed,,114101,,,,,
"Schedule Rule","2025-07-21 20:21:00",,Shkia,,,,"25 Tammuz 5785",,,confirmed,,121564,,,,,
"Hebrew Date",2025-07-21,,"25 Tammuz 5785",,,,"25 Tammuz 5785",,,,,,,,,,
Sunrise,"2025-07-21 05:41:33",,Sunrise,,,,"25 Tammuz 5785",,,,,,,,,,
Sunset,"2025-07-21 20:21:17",,Sunset,,,,"25 Tammuz 5785",,,,,,,,,,
Zmanim,"2025-07-21 03:59:52",,"Alos Hashachar",,,,"25 Tammuz 5785",,,,,,,,,,
Zmanim,"2025-07-21 04:42:15",,"Earliest Tallis",,,,"25 Tammuz 5785",,,,,,,,,,
Zmanim,"2025-07-21 05:41:33",,"Netz (Sunrise)",,,,"25 Tammuz 5785",,,,,,,,,,
Zmanim,"2025-07-21 09:21:00",,"Latest Shema",,,,"25 Tammuz 5785",,,,,,,,,,
Zmanim,"2025-07-21 10:34:47",,"Zman Tefillah",,,,"25 Tammuz 5785",,,,,,,,,,
Zmanim,"2025-07-21 13:01:25",,"Chatzos (Midday)",,,,"25 Tammuz 5785",,,,,,,,,,
Zmanim,"2025-07-21 13:38:04",,"Mincha Gedola",,,,"25 Tammuz 5785",,,,,,,,,,
Zmanim,"2025-07-21 17:18:00",,"Mincha Ketana",,,,"25 Tammuz 5785",,,,,,,,,,
Zmanim,"2025-07-21 18:49:38",,"Plag HaMincha",,,,"25 Tammuz 5785",,,,,,,,,,
Zmanim,"2025-07-21 20:21:17",,"Shkiah (Sunset)",,,,"25 Tammuz 5785",,,,,,,,,,
Zmanim,"2025-07-21 21:09:11",,"Tzais Hakochavim",,,,"25 Tammuz 5785",,,,,,,,,,
"Schedule Rule","2025-07-22 06:45:00",,Shacharis,,,,"26 Tammuz 5785",,,confirmed,,64852,,,,,
"Schedule Rule","2025-07-22 09:21:56",,"Zman Krias Shma",,,,"26 Tammuz 5785",,,confirmed,,114101,,,,,
"Schedule Rule","2025-07-22 20:20:00",,Shkia,,,,"26 Tammuz 5785",,,confirmed,,121564,,,,,
"Hebrew Date",2025-07-22,,"26 Tammuz 5785",,,,"26 Tammuz 5785",,,,,,,,,,
Sunrise,"2025-07-22 05:42:25",,Sunrise,,,,"26 Tammuz 5785",,,,,,,,,,
Sunset,"2025-07-22 20:20:30",,Sunset,,,,"26 Tammuz 5785",,,,,,,,,,
Zmanim,"2025-07-22 04:01:09",,"Alos Hashachar",,,,"26 Tammuz 5785",,,,,,,,,,
Zmanim,"2025-07-22 04:43:19",,"Earliest Tallis",,,,"26 Tammuz 5785",,,,,,,,,,
Zmanim,"2025-07-22 05:42:25",,"Netz (Sunrise)",,,,"26 Tammuz 5785",,,,,,,,,,
Zmanim,"2025-07-22 09:21:00",,"Latest Shema",,,,"26 Tammuz 5785",,,,,,,,,,
Zmanim,"2025-07-22 10:35:06",,"Zman Tefillah",,,,"26 Tammuz 5785",,,,,,,,,,
Zmanim,"2025-07-22 13:01:27",,"Chatzos (Midday)",,,,"26 Tammuz 5785",,,,,,,,,,
Zmanim,"2025-07-22 13:38:02",,"Mincha Gedola",,,,"26 Tammuz 5785",,,,,,,,,,
Zmanim,"2025-07-22 17:17:33",,"Mincha Ketana",,,,"26 Tammuz 5785",,,,,,,,,,
Zmanim,"2025-07-22 18:49:01",,"Plag HaMincha",,,,"26 Tammuz 5785",,,,,,,,,,
Zmanim,"2025-07-22 20:20:30",,"Shkiah (Sunset)",,,,"26 Tammuz 5785",,,,,,,,,,
Zmanim,"2025-07-22 21:08:14",,"Tzais Hakochavim",,,,"26 Tammuz 5785",,,,,,,,,,
"Schedule Rule","2025-07-23 06:45:00",,Shacharis,,,,"27 Tammuz 5785",,,confirmed,,64852,,,,,
"Schedule Rule","2025-07-23 09:22:23",,"Zman Krias Shma",,,,"27 Tammuz 5785",,,confirmed,,114101,,,,,
"Schedule Rule","2025-07-23 20:19:00",,Shkia,,,,"27 Tammuz 5785",,,confirmed,,121564,,,,,
"Hebrew Date",2025-07-23,,"27 Tammuz 5785",,,,"27 Tammuz 5785",,,,,,,,,,
Sunrise,"2025-07-23 05:43:17",,Sunrise,,,,"27 Tammuz 5785",,,,,,,,,,
Sunset,"2025-07-23 20:19:41",,Sunset,,,,"27 Tammuz 5785",,,,,,,,,,
Zmanim,"2025-07-23 04:02:28",,"Alos Hashachar",,,,"27 Tammuz 5785",,,,,,,,,,
Zmanim,"2025-07-23 04:44:24",,"Earliest Tallis",,,,"27 Tammuz 5785",,,,,,,,,,
Zmanim,"2025-07-23 05:43:17",,"Netz (Sunrise)",,,,"27 Tammuz 5785",,,,,,,,,,
Zmanim,"2025-07-23 09:22:00",,"Latest Shema",,,,"27 Tammuz 5785",,,,,,,,,,
Zmanim,"2025-07-23 10:35:25",,"Zman Tefillah",,,,"27 Tammuz 5785",,,,,,,,,,
Zmanim,"2025-07-23 13:01:29",,"Chatzos (Midday)",,,,"27 Tammuz 5785",,,,,,,,,,
Zmanim,"2025-07-23 13:38:00",,"Mincha Gedola",,,,"27 Tammuz 5785",,,,,,,,,,
Zmanim,"2025-07-23 17:17:06",,"Mincha Ketana",,,,"27 Tammuz 5785",,,,,,,,,,
Zmanim,"2025-07-23 18:48:23",,"Plag HaMincha",,,,"27 Tammuz 5785",,,,,,,,,,
Zmanim,"2025-07-23 20:19:41",,"Shkiah (Sunset)",,,,"27 Tammuz 5785",,,,,,,,,,
Zmanim,"2025-07-23 21:07:15",,"Tzais Hakochavim",,,,"27 Tammuz 5785",,,,,,,,,,
"Schedule Rule","2025-07-24 06:35:00",,Shacharis,,,,"28 Tammuz 5785",,,confirmed,,91904,,,,,
"Schedule Rule","2025-07-24 09:22:50",,"Zman Krias Shma",,,,"28 Tammuz 5785",,,confirmed,,114101,,,,,
"Schedule Rule","2025-07-24 20:18:00",,Shkia,,,,"28 Tammuz 5785",,,confirmed,,121564,,,,,
"Hebrew Date",2025-07-24,,"28 Tammuz 5785",,,,"28 Tammuz 5785",,,,,,,,,,
Sunrise,"2025-07-24 05:44:10",,Sunrise,,,,"28 Tammuz 5785",,,,,,,,,,
Sunset,"2025-07-24 20:18:50",,Sunset,,,,"28 Tammuz 5785",,,,,,,,,,
Zmanim,"2025-07-24 04:03:47",,"Alos Hashachar",,,,"28 Tammuz 5785",,,,,,,,,,
Zmanim,"2025-07-24 04:45:29",,"Earliest Tallis",,,,"28 Tammuz 5785",,,,,,,,,,
Zmanim,"2025-07-24 05:44:10",,"Netz (Sunrise)",,,,"28 Tammuz 5785",,,,,,,,,,
Zmanim,"2025-07-24 09:22:00",,"Latest Shema",,,,"28 Tammuz 5785",,,,,,,,,,
Zmanim,"2025-07-24 10:35:43",,"Zman Tefillah",,,,"28 Tammuz 5785",,,,,,,,,,
Zmanim,"2025-07-24 13:01:30",,"Chatzos (Midday)",,,,"28 Tammuz 5785",,,,,,,,,,
Zmanim,"2025-07-24 13:37:56",,"Mincha Gedola",,,,"28 Tammuz 5785",,,,,,,,,,
Zmanim,"2025-07-24 17:16:36",,"Mincha Ketana",,,,"28 Tammuz 5785",,,,,,,,,,
Zmanim,"2025-07-24 18:47:43",,"Plag HaMincha",,,,"28 Tammuz 5785",,,,,,,,,,
Zmanim,"2025-07-24 20:18:50",,"Shkiah (Sunset)",,,,"28 Tammuz 5785",,,,,,,,,,
Zmanim,"2025-07-24 21:06:15",,"Tzais Hakochavim",,,,"28 Tammuz 5785",,,,,,,,,,
"Schedule Rule","2025-07-25 06:45:00",,Shacharis,,,,"29 Tammuz 5785",,,confirmed,,64851,,,,,
"Schedule Rule","2025-07-25 09:23:17",,"Zman Krias Shma",,,,"29 Tammuz 5785",,,confirmed,,114101,,,,,
"Schedule Rule","2025-07-25 18:48:00",,"Plag Mincha",,,,"29 Tammuz 5785",,,confirmed,,126932,,,,,
"Schedule Rule","2025-07-25 19:59:00",,Mincha,,,,"29 Tammuz 5785",,,confirmed,,107910,,,,,
"Schedule Rule","2025-07-25 19:59:00",,"Candle Lighting",,,,"29 Tammuz 5785",,,confirmed,,,,,,,
"Schedule Rule","2025-07-25 20:17:00",,Shkia,,,,"29 Tammuz 5785",,,confirmed,,121564,,,,,
"Hebrew Date",2025-07-25,,"29 Tammuz 5785",,,,"29 Tammuz 5785",,,,,,,,,,
Sunrise,"2025-07-25 05:45:04",,Sunrise,,,,"29 Tammuz 5785",,,,,,,,,,
Sunset,"2025-07-25 20:17:57",,Sunset,,,,"29 Tammuz 5785",,,,,,,,,,
Zmanim,"2025-07-25 04:05:08",,"Alos Hashachar",,,,"29 Tammuz 5785",,,,,,,,,,
Zmanim,"2025-07-25 04:46:35",,"Earliest Tallis",,,,"29 Tammuz 5785",,,,,,,,,,
Zmanim,"2025-07-25 05:45:04",,"Netz (Sunrise)",,,,"29 Tammuz 5785",,,,,,,,,,
Zmanim,"2025-07-25 09:23:00",,"Latest Shema",,,,"29 Tammuz 5785",,,,,,,,,,
Zmanim,"2025-07-25 10:36:01",,"Zman Tefillah",,,,"29 Tammuz 5785",,,,,,,,,,
Zmanim,"2025-07-25 13:01:30",,"Chatzos (Midday)",,,,"29 Tammuz 5785",,,,,,,,,,
Zmanim,"2025-07-25 13:37:52",,"Mincha Gedola",,,,"29 Tammuz 5785",,,,,,,,,,
Zmanim,"2025-07-25 17:16:05",,"Mincha Ketana",,,,"29 Tammuz 5785",,,,,,,,,,
Zmanim,"2025-07-25 18:47:01",,"Plag HaMincha",,,,"29 Tammuz 5785",,,,,,,,,,
Zmanim,"2025-07-25 20:17:57",,"Shkiah (Sunset)",,,,"29 Tammuz 5785",,,,,,,,,,
Zmanim,"2025-07-25 21:05:13",,"Tzais Hakochavim",,,,"29 Tammuz 5785",,,,,,,,,,
"Schedule Rule","2025-07-26 08:45:00",,Shacharis,,,,"1 Av 5785",,,confirmed,,112971,,,,,
"Schedule Rule","2025-07-26 09:23:44",,"Zman Krias Shma",,,,"1 Av 5785",,,confirmed,,100377,,,,,
"Schedule Rule","2025-07-26 19:35:00",,Mincha,,,,"1 Av 5785",,,confirmed,,112972,,,,,
"Schedule Rule","2025-07-26 20:17:00",,Shkia,,,,"1 Av 5785",,,confirmed,,77114,,,,,
"Schedule Rule","2025-07-26 21:05:00",,Maariv,,,,"1 Av 5785",,,confirmed,,112968,,,,,
"Schedule Rule","2025-07-26 21:07:00",,Havdalah,,,,"1 Av 5785",,,confirmed,,,,,,,
"Jewish Holiday",2025-07-26,,"Rosh Chodesh Av",,,,"1 Av 5785",,,,,,,,,,
Parsha,2025-07-26,,"Parshas Matos-Masei",,,,"1 Av 5785",,,,,,,,,,
"Hebrew Date",2025-07-26,,"1 Av 5785",,,,"1 Av 5785",,,,,,,,,,
Sunrise,"2025-07-26 05:45:59",,Sunrise,,,,"1 Av 5785",,,,,,,,,,
Sunset,"2025-07-26 20:17:02",,Sunset,,,,"1 Av 5785",,,,,,,,,,
Zmanim,"2025-07-26 04:06:28",,"Alos Hashachar",,,,"1 Av 5785",,,,,,,,,,
Zmanim,"2025-07-26 04:47:42",,"Earliest Tallis",,,,"1 Av 5785",,,,,,,,,,
Zmanim,"2025-07-26 05:45:59",,"Netz (Sunrise)",,,,"1 Av 5785",,,,,,,,,,
Zmanim,"2025-07-26 09:23:00",,"Latest Shema",,,,"1 Av 5785",,,,,,,,,,
Zmanim,"2025-07-26 10:36:20",,"Zman Tefillah",,,,"1 Av 5785",,,,,,,,,,
Zmanim,"2025-07-26 13:01:30",,"Chatzos (Midday)",,,,"1 Av 5785",,,,,,,,,,
Zmanim,"2025-07-26 13:37:48",,"Mincha Gedola",,,,"1 Av 5785",,,,,,,,,,
Zmanim,"2025-07-26 17:15:33",,"Mincha Ketana",,,,"1 Av 5785",,,,,,,,,,
Zmanim,"2025-07-26 18:46:17",,"Plag HaMincha",,,,"1 Av 5785",,,,,,,,,,
Zmanim,"2025-07-26 20:17:02",,"Shkiah (Sunset)",,,,"1 Av 5785",,,,,,,,,,
Zmanim,"2025-07-26 21:04:09",,"Tzais Hakochavim",,,,"1 Av 5785",,,,,,,,,,
"Schedule Rule","2025-07-27 08:00:00",,Shacharis,,,,"2 Av 5785",,,confirmed,,114843,,,,,
"Schedule Rule","2025-07-27 09:24:11",,"Zman Krias Shma",,,,"2 Av 5785",,,confirmed,,114101,,,,,
"Schedule Rule","2025-07-27 20:02:06",,Mincha/Maariv,,,,"2 Av 5785",,,confirmed,,77113,,,,,
"Schedule Rule","2025-07-27 20:16:00",,Shkia,,,,"2 Av 5785",,,confirmed,,121564,,,,,
"Hebrew Date",2025-07-27,,"2 Av 5785",,,,"2 Av 5785",,,,,,,,,,
Sunrise,"2025-07-27 05:46:53",,Sunrise,,,,"2 Av 5785",,,,,,,,,,
Sunset,"2025-07-27 20:16:06",,Sunset,,,,"2 Av 5785",,,,,,,,,,
Zmanim,"2025-07-27 04:07:50",,"Alos Hashachar",,,,"2 Av 5785",,,,,,,,,,
Zmanim,"2025-07-27 04:48:49",,"Earliest Tallis",,,,"2 Av 5785",,,,,,,,,,
Zmanim,"2025-07-27 05:46:53",,"Netz (Sunrise)",,,,"2 Av 5785",,,,,,,,,,
Zmanim,"2025-07-27 09:24:00",,"Latest Shema",,,,"2 Av 5785",,,,,,,,,,
Zmanim,"2025-07-27 10:36:37",,"Zman Tefillah",,,,"2 Av 5785",,,,,,,,,,
Zmanim,"2025-07-27 13:01:29",,"Chatzos (Midday)",,,,"2 Av 5785",,,,,,,,,,
Zmanim,"2025-07-27 13:37:42",,"Mincha Gedola",,,,"2 Av 5785",,,,,,,,,,
Zmanim,"2025-07-27 17:15:00",,"Mincha Ketana",,,,"2 Av 5785",,,,,,,,,,
Zmanim,"2025-07-27 18:45:33",,"Plag HaMincha",,,,"2 Av 5785",,,,,,,,,,
Zmanim,"2025-07-27 20:16:06",,"Shkiah (Sunset)",,,,"2 Av 5785",,,,,,,,,,
Zmanim,"2025-07-27 21:03:03",,"Tzais Hakochavim",,,,"2 Av 5785",,,,,,,,,,
"Schedule Rule","2025-07-28 06:35:00",,Shacharis,,,,"3 Av 5785",,,confirmed,,91904,,,,,
"Schedule Rule","2025-07-28 09:24:38",,"Zman Krias Shma",,,,"3 Av 5785",,,confirmed,,114101,,,,,
"Schedule Rule","2025-07-28 20:15:00",,Shkia,,,,"3 Av 5785",,,confirmed,,121564,,,,,
"Hebrew Date",2025-07-28,,"3 Av 5785",,,,"3 Av 5785",,,,,,,,,,
Sunrise,"2025-07-28 05:47:49",,Sunrise,,,,"3 Av 5785",,,,,,,,,,
Sunset,"2025-07-28 20:15:08",,Sunset,,,,"3 Av 5785",,,,,,,,,,
Zmanim,"2025-07-28 04:09:12",,"Alos Hashachar",,,,"3 Av 5785",,,,,,,,,,
Zmanim,"2025-07-28 04:49:57",,"Earliest Tallis",,,,"3 Av 5785",,,,,,,,,,
Zmanim,"2025-07-28 05:47:49",,"Netz (Sunrise)",,,,"3 Av 5785",,,,,,,,,,
Zmanim,"2025-07-28 09:24:00",,"Latest Shema",,,,"3 Av 5785",,,,,,,,,,
Zmanim,"2025-07-28 10:36:55",,"Zman Tefillah",,,,"3 Av 5785",,,,,,,,,,
Zmanim,"2025-07-28 13:01:28",,"Chatzos (Midday)",,,,"3 Av 5785",,,,,,,,,,
Zmanim,"2025-07-28 13:37:36",,"Mincha Gedola",,,,"3 Av 5785",,,,,,,,,,
Zmanim,"2025-07-28 17:14:26",,"Mincha Ketana",,,,"3 Av 5785",,,,,,,,,,
Zmanim,"2025-07-28 18:44:47",,"Plag HaMincha",,,,"3 Av 5785",,,,,,,,,,
Zmanim,"2025-07-28 20:15:08",,"Shkiah (Sunset)",,,,"3 Av 5785",,,,,,,,,,
Zmanim,"2025-07-28 21:01:56",,"Tzais Hakochavim",,,,"3 Av 5785",,,,,,,,,,
"Schedule Rule","2025-07-29 06:45:00",,Shacharis,,,,"4 Av 5785",,,confirmed,,64852,,,,,
"Schedule Rule","2025-07-29 09:25:05",,"Zman Krias Shma",,,,"4 Av 5785",,,confirmed,,114101,,,,,
"Schedule Rule","2025-07-29 20:14:00",,Shkia,,,,"4 Av 5785",,,confirmed,,121564,,,,,
"Hebrew Date",2025-07-29,,"4 Av 5785",,,,"4 Av 5785",,,,,,,,,,
Sunrise,"2025-07-29 05:48:44",,Sunrise,,,,"4 Av 5785",,,,,,,,,,
Sunset,"2025-07-29 20:14:09",,Sunset,,,,"4 Av 5785",,,,,,,,,,
Zmanim,"2025-07-29 04:10:34",,"Alos Hashachar",,,,"4 Av 5785",,,,,,,,,,
Zmanim,"2025-07-29 04:51:06",,"Earliest Tallis",,,,"4 Av 5785",,,,,,,,,,
Zmanim,"2025-07-29 05:48:44",,"Netz (Sunrise)",,,,"4 Av 5785",,,,,,,,,,
Zmanim,"2025-07-29 09:25:00",,"Latest Shema",,,,"4 Av 5785",,,,,,,,,,
Zmanim,"2025-07-29 10:37:12",,"Zman Tefillah",,,,"4 Av 5785",,,,,,,,,,
Zmanim,"2025-07-29 13:01:26",,"Chatzos (Midday)",,,,"4 Av 5785",,,,,,,,,,
Zmanim,"2025-07-29 13:37:30",,"Mincha Gedola",,,,"4 Av 5785",,,,,,,,,,
Zmanim,"2025-07-29 17:13:51",,"Mincha Ketana",,,,"4 Av 5785",,,,,,,,,,
Zmanim,"2025-07-29 18:44:00",,"Plag HaMincha",,,,"4 Av 5785",,,,,,,,,,
Zmanim,"2025-07-29 20:14:09",,"Shkiah (Sunset)",,,,"4 Av 5785",,,,,,,,,,
Zmanim,"2025-07-29 21:00:46",,"Tzais Hakochavim",,,,"4 Av 5785",,,,,,,,,,
"Schedule Rule","2025-07-30 06:45:00",,Shacharis,,,,"5 Av 5785",,,confirmed,,64852,,,,,
"Schedule Rule","2025-07-30 09:25:32",,"Zman Krias Shma",,,,"5 Av 5785",,,confirmed,,114101,,,,,
"Schedule Rule","2025-07-30 20:13:00",,Shkia,,,,"5 Av 5785",,,confirmed,,121564,,,,,
"Hebrew Date",2025-07-30,,"5 Av 5785",,,,"5 Av 5785",,,,,,,,,,
Sunrise,"2025-07-30 05:49:41",,Sunrise,,,,"5 Av 5785",,,,,,,,,,
Sunset,"2025-07-30 20:13:08",,Sunset,,,,"5 Av 5785",,,,,,,,,,
Zmanim,"2025-07-30 04:11:57",,"Alos Hashachar",,,,"5 Av 5785",,,,,,,,,,
Zmanim,"2025-07-30 04:52:14",,"Earliest Tallis",,,,"5 Av 5785",,,,,,,,,,
Zmanim,"2025-07-30 05:49:41",,"Netz (Sunrise)",,,,"5 Av 5785",,,,,,,,,,
Zmanim,"2025-07-30 09:25:00",,"Latest Shema",,,,"5 Av 5785",,,,,,,,,,
Zmanim,"2025-07-30 10:37:30",,"Zman Tefillah",,,,"5 Av 5785",,,,,,,,,,
Zmanim,"2025-07-30 13:01:24",,"Chatzos (Midday)",,,,"5 Av 5785",,,,,,,,,,
Zmanim,"2025-07-30 13:37:23",,"Mincha Gedola",,,,"5 Av 5785",,,,,,,,,,
Zmanim,"2025-07-30 17:13:14",,"Mincha Ketana",,,,"5 Av 5785",,,,,,,,,,
Zmanim,"2025-07-30 18:43:11",,"Plag HaMincha",,,,"5 Av 5785",,,,,,,,,,
Zmanim,"2025-07-30 20:13:08",,"Shkiah (Sunset)",,,,"5 Av 5785",,,,,,,,,,
Zmanim,"2025-07-30 20:59:36",,"Tzais Hakochavim",,,,"5 Av 5785",,,,,,,,,,
"Schedule Rule","2025-07-31 06:35:00",,Shacharis,,,,"6 Av 5785",,,confirmed,,91904,,,,,
"Schedule Rule","2025-07-31 09:25:59",,"Zman Krias Shma",,,,"6 Av 5785",,,confirmed,,114101,,,,,
"Schedule Rule","2025-07-31 20:12:00",,Shkia,,,,"6 Av 5785",,,confirmed,,121564,,,,,
"Hebrew Date",2025-07-31,,"6 Av 5785",,,,"6 Av 5785",,,,,,,,,,
Sunrise,"2025-07-31 05:50:37",,Sunrise,,,,"6 Av 5785",,,,,,,,,,
Sunset,"2025-07-31 20:12:05",,Sunset,,,,"6 Av 5785",,,,,,,,,,
Zmanim,"2025-07-31 04:13:20",,"Alos Hashachar",,,,"6 Av 5785",,,,,,,,,,
Zmanim,"2025-07-31 04:53:23",,"Earliest Tallis",,,,"6 Av 5785",,,,,,,,,,
Zmanim,"2025-07-31 05:50:37",,"Netz (Sunrise)",,,,"6 Av 5785",,,,,,,,,,
Zmanim,"2025-07-31 09:25:00",,"Latest Shema",,,,"6 Av 5785",,,,,,,,,,
Zmanim,"2025-07-31 10:37:46",,"Zman Tefillah",,,,"6 Av 5785",,,,,,,,,,
Zmanim,"2025-07-31 13:01:21",,"Chatzos (Midday)",,,,"6 Av 5785",,,,,,,,,,
Zmanim,"2025-07-31 13:37:14",,"Mincha Gedola",,,,"6 Av 5785",,,,,,,,,,
Zmanim,"2025-07-31 17:12:36",,"Mincha Ketana",,,,"6 Av 5785",,,,,,,,,,
Zmanim,"2025-07-31 18:42:20",,"Plag HaMincha",,,,"6 Av 5785",,,,,,,,,,
Zmanim,"2025-07-31 20:12:05",,"Shkiah (Sunset)",,,,"6 Av 5785",,,,,,,,,,
Zmanim,"2025-07-31 20:58:23",,"Tzais Hakochavim",,,,"6 Av 5785",,,,,,,,,,
